year,total_articles,uncategorized,uncategorized_pct
2002,1965,1965,100.00
2003,11353,11353,100.00
2004,13694,13694,100.00
2005,4143,4141,99.95
2006,176098,175651,99.75
2007,70683,70132,99.22
2008,146378,143836,98.26
2009,119359,116761,97.82
2010,57114,54545,95.50
2011,33924,31875,93.96
2012,49711,46173,92.88
2013,30556,24630,80.61
2014,24548,21573,87.88
2015,24545,21703,88.42
2016,26899,22823,84.85
2017,62431,54633,87.51
2018,42761,36004,84.20
2019,43017,33609,78.13
2020,61911,38150,61.62
2021,53759,37986,70.66
2022,81246,60769,74.80
2023,117076,76114,65.01
2024,157597,54192,34.39
2025,826319,76118,9.21
2026,9034,557,6.17
