category,count
Living people,100416
Year of birth missing (living people),10996
20th-century American sportsmen,7195
Men's association football midfielders,5411
Men's association football forwards,4350
Men's association football defenders,3981
English Football League players,3959
Articles containing video clips,3929
Year of birth unknown,3867
Place of birth missing (living people),3523
English men's footballers,2968
20th-century American male writers,2680
American male film actors,2632
2000s English-language films,2341
20th-century American male actors,2329
American male television actors,2284
1981 births,2272
1983 births,2249
1979 births,2244
1947 births,2234
1982 births,2231
1948 births,2156
1980 births,2129
1946 births,2106
1984 births,2096
Major League Baseball pitchers,2056
1950 births,2042
1951 births,2039
1952 births,2039
1949 births,2020
1970 births,2018
1954 births,2012
1953 births,2007
Multiplayer and single-player video games,2006
1962 births,1992
1977 births,1984
1978 births,1981
1973 births,1980
American male non-fiction writers,1978
21st-century American women,1978
21st-century American sportsmen,1972
1957 births,1972
American black-and-white films,1972
1969 births,1971
1976 births,1969
1964 births,1941
1971 births,1938
American film actresses,1933
1975 births,1931
1968 births,1919
1943 births,1916
1985 births,1913
1956 births,1908
1974 births,1887
1959 births,1879
1965 births,1876
1944 births,1859
1961 births,1849
1966 births,1849
1955 births,1846
1972 births,1843
1986 births,1839
1960 births,1835
1963 births,1816
1958 births,1814
20th-century American actresses,1803
Townships in Minnesota,1800
1945 births,1795
Single-player video games,1793
1967 births,1793
1942 births,1783
20th-century English sportsmen,1777
2006 deaths,1719
21st-century American male writers,1714
American television actresses,1643
1940 births,1622
1941 births,1621
Men's association football goalkeepers,1608
21st-century American Jews,1605
American men's basketball players,1590
American English-language television shows,1589
20th-century American novelists,1588
Video games developed in Japan,1580
2008 deaths,1565
Fellows of the Royal Society,1562
Year of birth uncertain,1547
1939 births,1542
Year of birth missing,1524
1938 births,1524
1987 births,1514
Windows games,1501
Video games developed in the United States,1494
1990s English-language films,1457
Bundesliga players,1453
1937 births,1407
20th-century American male musicians,1399
21st-century American male actors,1388
2020 deaths,1385
20th-century American Jews,1383
20th-century American lawyers,1376
