category,frequency
Living people,100416
Year of birth missing (living people),10996
20th-century American sportsmen,7195
Men's association football midfielders,5411
Men's association football forwards,4350
Men's association football defenders,3981
English Football League players,3959
Articles containing video clips,3929
Year of birth unknown,3867
Place of birth missing (living people),3523
English men's footballers,2968
20th-century American male writers,2680
American male film actors,2632
2000s English-language films,2341
20th-century American male actors,2329
American male television actors,2284
1981 births,2272
1983 births,2249
1979 births,2244
1947 births,2234
